"Category","Feature Name","Target User","Usage Frequency","Problem Solved","Business & Platform Benefit","Monetization / SEO Potential","Implementation Complexity","Priority"
"Daily User Engagement","JCB Digital Khata & Logbook (डिजिटल डायरी और हिसाब-किताब)","Machine Owners, Contractors, Drivers","Daily (रोज़ाना)","कांट्रैक्टर्स और ओनर्स को कागज़ की डायरी में घंटे, डीज़ल और बकाया पेमेंट का हिसाब रखना पड़ता है।","ओनर्स और ड्राइवर्स हर रोज़ रात को हिसाब लिखने के लिए ऐप खोलेंगे, जिससे 100% डेली एक्टिव यूजर्स (DAU) बढ़ेंगे।","हाई रिटेंशन + एसएमएस/व्हाट्सएप रिमाइंडर सब्सक्रिप्शन","Medium","High (Phase 1)"
"Daily User Engagement","Machine Rental & Work Exchange Board (काम और किराए का बोर्ड)","Contractors, Builders, Machine Owners","Daily (रोज़ाना)","कई बार मशीन 4-5 दिन खाली खड़ी रहती है और किसी दूसरे कांट्रैक्टर को तुरंत 2-3 दिन के लिए मशीन चाहिए होती है।","खाली मशीन को तुरंत काम मिलेगा और कांट्रैक्टर को मशीन, जिससे ऐप रोज़ाना का वर्किंग हब बन जाएगा।","प्रीमियम लिस्टिंग फीस + लीड चार्ज","Medium","High (Phase 1)"
"Daily User Engagement","Operator & Driver Job Board (JCB ऑपरेटर/ड्राइवर हायरिंग)","Drivers, Operators, Machine Owners","Daily / Weekly","ओनर्स को कुशल ड्राइवर नहीं मिलते और ड्राइवर्स को समय पर काम नहीं मिलता।","ड्राइवर्स और मशीन मालिकों का बड़ा नेटवर्क बनेगा, जिससे ऐप का वर्ड-ऑफ-माउथ फैलाव तेजी से होगा।","जॉब पोस्टिंग फीस + वेरिफाइड ड्राइवर प्रोफाइल फीस","Low","High (Phase 1)"
"Daily User Engagement","Daily Fuel & Profit Calculator (डीजल और मुनाफा कैलकुलेटर)","Owners, Operators","Daily (रोज़ाना)","ओनर को नहीं पता चलता कि आज डीजल और ऑपरेटर खर्च के बाद असल में कितना मुनाफा हुआ।","रोज़ाना डीजल का भाव और शहर का रनिंग रेट देखकर ओनर अपने काम का सही रेट तय कर पाएंगे।","हाई इंगेजमेंट + ऑयल/टायर ब्रांड्स के ऐड्स","Low","Medium (Phase 2)"
"Daily User Engagement","Digital Garage & Service/EMI Alerts (सर्विस और ईएमआई रिमाइंडर)","Machine Owners","Weekly / Monthly","इंजन ऑयल, हाइड्रोलिक सर्विस, इंश्योरेंस और लोन EMI की तारीख भूल जाने पर भारी नुकसान होता है।","मशीन ओनर कभी ऐप अनइंस्टॉल नहीं करेगा क्योंकि उसका पूरा मेंटेनेंस रिकॉर्ड ऐप में सुरक्षित रहेगा।","सर्विस सेंटर और इंश्योरेंस रिन्यूअल कमीशन","Low","High (Phase 1)"
"AI Smart Tools","AI Machine Price Valuation Tool (मशीन का सही रेट अनुमानक)","Buyers, Sellers, Dealers","Transactional / Weekly","पुरानी मशीन की सही कीमत तय करना मुश्किल होता है; बायर को ठगे जाने का डर रहता है।","मॉडल, साल और इंजन घंटे डालते ही AI सही मार्केट रेट रेंज बता देगा, जिससे डील्स 3x तेजी से क्लोज होंगी।","वैल्यूएशन सर्टिफिकेट डाउनलोड फीस (₹99-₹199)","Medium","High (Phase 1)"
"AI Smart Tools","AI Multilingual Voice Search (लोकल भाषा में बोलकर सर्च)","Rural Buyers, Operators, Contractors","Daily / Weekly","ग्रामीण क्षेत्रों के यूजर्स और ड्राइवर्स अंग्रेजी या हिंदी में टाइप करने में असहज होते हैं।","मराठी, हिंदी, तेलुगु, गुजराती में बोलकर मशीनें, काम और पार्ट्स तुरंत खोज सकेंगे।","हाई यूजर एक्सपीरियंस और ज्यादा से ज्यादा लीड जनरेशन","Medium","High (Phase 1)"
"AI Smart Tools","AI WhatsApp Brochure & Social Post Generator (1-क्लिक ब्रोशर जनरेटर)","Dealers, Brokers","Daily (रोज़ाना)","डीलर के पास सोशल मीडिया पोस्ट और व्हाट्सएप ब्रोशर बनाने का समय और डिजाइन स्किल नहीं होता।","डीलर 1 क्लिक में अपनी ब्रांडिंग और फोटो के साथ शानदार PDF ब्रोशर और व्हाट्सएप स्टेटस बना सकेगा।","डीलर सब्सक्रिप्शन पैकेज (Gold/Platinum Dealer)","Low","High (Phase 1)"
"AI Smart Tools","AI Photo Health & Condition Score (फोटो से कंडीशन स्कोर)","Buyers, Remote Dealers","Transactional","दूर बैठा खरीदार सिर्फ फोटो देखकर मशीन की असली कंडीशन का अंदाज़ा नहीं लगा पाता।","AI टायर्स, बूम और बकेट के घिसाव को स्कैन करके 1-10 का हेल्थ स्कोर देगा, जिससे भरोसा बढ़ेगा।","प्रीमियम ट्रस्ट बैज (AI Verified Listing)","High","Phase 2"
"SEO & Organic Traffic","Programmatic SEO Landing Pages (हजारों लोकेशन व मॉडल पेजेस)","Google Search Visitors, New Buyers","Continuous (लगातार)","गूगल पर लोग 'Used JCB in Pune', 'Second hand JCB in Indore' जैसे हज़ारों कीवर्ड्स सर्च करते हैं।","हर शहर, राज्य और मॉडल के लिए ऑटो-जनरेटेड लैंडिंग पेजेस बनेंगे, जिससे लाखों का फ्री गूगल ट्रैफिक आएगा।","ज़ीरो कॉस्ट ऑर्गेनिक बायर लीड्स","Medium","High (Phase 1)"
"SEO & Organic Traffic","Used Equipment Price Trends Index (मासिक रेट ग्राफ और रिपोर्ट)","Industry Analysts, Buyers, Dealers","Monthly","मार्केट में कोई डेटा नहीं है कि किस महीने में सेकंड-हैंड मशीनों के दाम बढ़ रहे हैं या घट रहे हैं।","गूगल पर सबसे ज्यादा बैकलिंक्स और अथॉरिटी मिलेगी; न्यूज़ और मीडिया आपकी वेबसाइट को कोट करेंगे।","हाई डोमेन अथॉरिटी (DA) और ऑर्गेनिक रीच","Low","Medium (Phase 2)"
"SEO & Organic Traffic","Machine Comparison Tool (JCB vs Tata vs CAT तुलना)","Potential Buyers","Transactional","खरीदार भ्रमित रहते हैं कि 3DX लें या Tata Hitachi Shinrai या CAT 424B।","दोनों मशीनों के माइलेज, इंजन पावर और रीसेल वैल्यू की तुलना देखकर बायर तुरंत फैसला ले सकेगा।","गूगल पर टॉप रैंकिंग सर्च रिजल्ट्स","Low","High (Phase 1)"
"Trust & Verification","Instant RTO Challan & Blacklist Check (गाड़ी नंबर से आरटीओ चेक)","Buyers, Dealers, Financiers","Weekly / Transactional","चोरी की गाड़ियां, पेंडिंग चालान या बैंक लोन डिफ़ॉल्ट वाली मशीनों में धोखाधड़ी का खतरा रहता है।","गाड़ी नंबर डालते ही पेंडिंग चालान, हाइपोथेकेशन और फिटनेस की असली जानकारी सामने आ जाएगी।","पर-सर्च चार्ज या फ्री टूल से भारी ट्रैफिक","Medium","High (Phase 1)"
"Trust & Verification","50-Point Certified Inspection (JCB Assured सर्टिफिकेट)","Serious Buyers, Outstation Buyers","Transactional","दूसरे राज्य या शहर से मशीन खरीदने वाले ग्राहक धोखाधड़ी के डर से विजिट नहीं कर पाते।","इंजीनियर द्वारा वेरीफाइड 50-पॉइंट इंस्पेक्शन रिपोर्ट से मशीन बिना विजिट के भी ऑनलाइन बिक सकेगी।","इंस्पेक्शन सर्विस फीस (₹1,500 - ₹3,000 प्रति मशीन)","Medium","Phase 2"
"High-Frequency Commerce","Second-Hand Attachments & Parts Market (रॉक ब्रेकर और बकेट मार्केट)","Contractors, Quarry Owners, Dealers","Weekly / Monthly","मशीन 2-3 साल में एक बार बिकती है लेकिन रॉक ब्रेकर, ट्रेंच बकेट और पार्ट्स हर महीने बिकते हैं।","प्लेटफॉर्म पर ट्रांजेक्शन्स की संख्या 10 गुना बढ़ जाएगी; छोटे बजट वाले यूजर्स भी जुड़ेंगे।","लिस्टिंग फीस + स्पेयर पार्ट्स डीलर्स के स्पॉन्सर्ड ऐड्स","Low","High (Phase 1)"
"Revenue & Monetization","Used JCB Loan & Finance Pre-Approval (लोन और फाइनेंस लीड्स)","Buyers, NBFCs, Banks","Transactional","90% पुरानी JCBs (₹15-₹35 लाख) लोन पर खरीदी जाती हैं; बायर्स को आसान फाइनेंस चाहिए होता है।","बायर ऐप से लोन अप्लाई करेगा; लीड Shriram Finance, Chola, HDFC आदि को जाएगी।","हर लोन डिस्बर्सल पर 1% से 2% का भारी कमीशन (₹15,000 - ₹40,000 प्रति डील)","Medium","High (Phase 1)"
"Ecosystem & Support","On-Demand Hydraulic Mechanic Directory (नजदीकी मिस्त्री डायरेक्टरी)","Machine Operators, Owners","Emergency / Weekly","साइट पर काम करते समय मशीन खराब होने पर काम रुक जाता है और तुरंत मिस्त्री नहीं मिलता।","25 किमी के दायरे में मौजूद हाइड्रोलिक मिस्त्री, वेल्डर और इलेक्ट्रीशियन का नंबर तुरंत मिलेगा।","लोकल सर्विस प्रोवाइडर लिस्टिंग फीस","Low","High (Phase 1)"
"Ecosystem & Support","Local Sub-Contract & Tender Alerts (सड़क व मिट्टी खुदाई टेंडर)","Excavation Contractors, Small Builders","Daily / Weekly","छोटे कांट्रैक्टर्स को बड़े प्रोजेक्ट्स (NHAI, PWD) में मिट्टी खुदाई के छोटे काम की जानकारी नहीं मिल पाती।","रोज़ सुबह उनके ज़िले के लोकल टेंडर्स और सब-कांट्रैक्ट्स के अलर्ट्स मिलेंगे।","प्रीमियम टेंडर अलर्ट्स मेंबरशिप","Medium","Medium (Phase 2)"
"Dealer Empowerment","Dealer Mini-Website & Digital Storefront (डीलर की पर्सनल डिजिटल दुकान)","Verified Dealers, Brokers","Daily / Continuous","डीलर्स के पास अपनी खुद की वेबसाइट नहीं होती जिससे वे पेशेवर नहीं दिखते।","हर डीलर को `jcbexchange.com/dealer/name` का लिंक मिलेगा जिसे वे अपने विजिटिंग कार्ड पर लगा सकेंगे।","डीलर एनुअल ऑनबोर्डिंग / वेरिफिकेशन फीस","Low","High (Phase 1)"
"Dealer Empowerment","Inter-Dealer Co-Brokering Network (डीलर्स का आपसी नेटवर्क)","Dealers, Brokers","Daily / Weekly","डीलर के पास ग्राहक है लेकिन मांगी गई मशीन (जैसे Crane या 20 टन Excavator) स्टॉक में नहीं है।","डीलर दूसरे शहर के वेरिफाइड डीलर के साथ मिलकर कमीशन शेयरिंग डील क्लोज कर सकता है।","डीलर्स के बीच मजबूत कम्युनिटी और डेली नेटवर्किंग","Medium","Medium (Phase 2)"
